TransactionID,DateKey,CustomerKey,ProductKey,Quantity,SalesAmount
TXN100000,20250813,1,1,5,60000
TXN100001,20250131,2,1,3,36000
TXN100002,20250810,3,2,1,65000
TXN100003,20251219,4,3,4,20000
TXN100004,20250501,5,4,1,4500
TXN100005,20250803,6,4,4,18000
TXN100006,20250522,7,2,3,195000
TXN100007,20250705,8,4,4,18000
TXN100008,20250512,9,5,3,5400
TXN100009,20250524,10,6,1,72000
TXN100010,20250725,11,5,4,7200
TXN100011,20250720,12,1,2,24000
TXN100012,20250220,13,4,2,9000
TXN100013,20251205,14,5,5,9000
TXN100014,20250316,15,6,1,72000
TXN100015,20250513,16,4,5,22500
TXN100016,20250821,17,3,3,15000
TXN100017,20250402,18,5,5,9000
TXN100018,20250921,19,1,4,48000
TXN100019,20250610,20,2,4,260000
TXN100020,20250708,21,6,1,72000
TXN100021,20250625,20,1,4,48000
TXN100022,20250823,22,6,4,288000
TXN100023,20250707,23,1,5,60000
TXN100024,20250110,24,4,5,22500
TXN100025,20250715,25,1,5,60000
TXN100026,20251226,26,6,3,216000
TXN100027,20251106,27,5,5,9000
TXN100028,20250205,28,7,1,58000
TXN100029,20250121,29,1,3,36000
TXN100030,20251219,30,6,4,288000
TXN100031,20250914,31,3,1,5000
TXN100032,20250313,32,3,5,25000
TXN100033,20250520,33,5,5,9000
TXN100034,20250620,34,5,2,3600
TXN100035,20251027,35,4,2,9000
TXN100036,20250608,36,4,1,4500
TXN100037,20251223,37,7,2,116000
TXN100038,20250529,38,2,2,130000
TXN100039,20251203,39,2,5,325000
TXN100040,20250130,40,4,1,4500
TXN100041,20250917,41,4,2,9000
TXN100042,20250215,42,4,5,22500
TXN100043,20250610,43,5,4,7200
TXN100044,20250924,44,4,2,9000
TXN100045,20250808,45,6,3,216000
TXN100046,20250719,46,7,5,290000
TXN100047,20250820,47,6,1,72000
TXN100048,20250410,48,1,2,24000
TXN100049,20251029,49,7,5,290000
TXN100050,20251118,50,4,5,22500
TXN100051,20250715,51,2,4,260000
TXN100052,20251123,52,4,2,9000
TXN100053,20251015,53,4,4,18000
TXN100054,20250226,54,7,2,116000
TXN100055,20250405,55,3,3,15000
TXN100056,20250710,14,4,5,22500
TXN100057,20250404,56,2,5,325000
TXN100058,20250619,54,5,5,9000
TXN100059,20250721,57,1,3,36000
TXN100060,20250109,58,1,1,12000
TXN100061,20250728,59,5,3,5400
TXN100062,20251201,60,2,5,325000
TXN100063,20250725,45,7,5,290000
TXN100064,20250924,61,1,4,48000
TXN100065,20250301,62,6,3,216000
TXN100066,20250503,63,4,4,18000
TXN100067,20250617,64,4,1,4500
TXN100068,20251228,44,5,3,5400
TXN100069,20250126,47,1,3,36000
TXN100070,20251212,65,4,4,18000
TXN100071,20250130,66,1,2,24000
TXN100072,20251110,67,2,5,325000
TXN100073,20251008,68,1,1,12000
TXN100074,20251106,69,7,2,116000
TXN100075,20250211,70,7,4,232000
TXN100076,20250429,71,6,3,216000
TXN100077,20250826,72,1,3,36000
TXN100078,20251026,73,1,2,24000
TXN100079,20250403,74,1,5,60000
TXN100080,20251201,75,2,5,325000
TXN100081,20251220,76,4,5,22500
TXN100082,20251128,77,6,3,216000
TXN100083,20250827,78,1,2,24000
TXN100084,20250802,79,6,2,144000
TXN100085,20250408,80,7,1,58000
TXN100086,20250410,81,4,2,9000
TXN100087,20250217,82,5,5,9000
TXN100088,20250905,83,2,4,260000
TXN100089,20250607,84,6,4,288000
TXN100090,20250729,85,6,4,288000
TXN100091,20250327,86,7,5,290000
TXN100092,20250309,87,2,3,195000
TXN100093,20250208,88,2,4,260000
TXN100094,20250114,89,5,4,7200
TXN100095,20251104,90,6,1,72000
TXN100096,20250629,91,2,3,195000
TXN100097,20250525,92,6,4,288000
TXN100098,20251028,93,5,3,5400
TXN100099,20250226,94,2,4,260000
TXN100100,20260104,44,1,5,60000
TXN100101,20251205,67,1,1,12000
TXN100102,20250903,95,2,4,260000
TXN100103,20250404,96,3,4,20000
TXN100104,20250310,97,2,1,65000
TXN100105,20251213,98,1,5,60000
TXN100106,20251215,99,1,2,24000
TXN100107,20250318,100,5,4,7200
TXN100108,20251011,40,1,5,60000
TXN100109,20250118,101,3,2,10000
TXN100110,20250703,102,2,5,325000
TXN100111,20250323,103,2,5,325000
TXN100112,20250611,104,2,3,195000
TXN100113,20250226,105,3,5,25000
TXN100114,20250713,106,7,1,58000
TXN100115,20250630,107,3,3,15000
TXN100116,20250109,108,2,3,195000
TXN100117,20250413,109,6,1,72000
TXN100118,20250829,110,3,2,10000
TXN100119,20251104,111,1,3,36000
TXN100120,20250713,112,2,2,130000
TXN100121,20260101,113,7,2,116000
TXN100122,20251018,114,1,2,24000
TXN100123,20250903,83,5,3,5400
TXN100124,20250924,115,1,5,60000
TXN100125,20250211,23,4,4,18000
TXN100126,20250731,116,6,3,216000
TXN100127,20250420,117,1,3,36000
TXN100128,20250801,118,3,4,20000
TXN100129,20250131,119,7,5,290000
TXN100130,20250811,120,5,3,5400
TXN100131,20250302,121,3,2,10000
TXN100132,20250919,99,4,3,13500
TXN100133,20260102,122,7,2,116000
TXN100134,20250919,123,4,2,9000
TXN100135,20251020,124,2,1,65000
TXN100136,20250126,125,1,4,48000
TXN100137,20250221,126,3,3,15000
TXN100138,20250905,127,2,4,260000
TXN100139,20250926,128,3,3,15000
TXN100140,20250703,129,7,4,232000
TXN100141,20250404,120,5,2,3600
TXN100142,20250328,130,2,1,65000
TXN100143,20260103,131,5,5,9000
TXN100144,20250411,132,7,1,58000
TXN100145,20251021,133,2,2,130000
TXN100146,20250312,134,1,3,36000
TXN100147,20250406,135,6,5,360000
TXN100148,20250426,136,4,1,4500
TXN100149,20250317,137,7,1,58000
TXN100150,20250611,138,4,1,4500
TXN100151,20250806,139,3,3,15000
TXN100152,20250307,64,5,5,9000
TXN100153,20250921,140,4,4,18000
TXN100154,20250604,131,4,2,9000
TXN100155,20250616,141,2,5,325000
TXN100156,20250512,142,4,5,22500
TXN100157,20250705,143,3,4,20000
TXN100158,20250601,144,4,2,9000
TXN100159,20251123,57,5,3,5400
TXN100160,20250806,145,7,2,116000
TXN100161,20250117,146,7,2,116000
TXN100162,20250622,147,7,4,232000
TXN100163,20251009,9,7,5,290000
TXN100164,20251120,55,1,3,36000
TXN100165,20250413,42,1,3,36000
TXN100166,20250225,148,5,1,1800
TXN100167,20250526,149,3,5,25000
TXN100168,20250726,150,3,4,20000
TXN100169,20250527,7,4,3,13500
TXN100170,20250104,42,6,5,360000
TXN100171,20251021,151,4,3,13500
TXN100172,20250921,152,1,1,12000
TXN100173,20251212,16,2,1,65000
TXN100174,20250516,153,4,2,9000
TXN100175,20250628,154,5,2,3600
TXN100176,20250529,155,1,1,12000
TXN100177,20251204,101,6,2,144000
TXN100178,20251213,156,7,3,174000
TXN100179,20250216,133,2,4,260000
TXN100180,20250506,157,1,3,36000
TXN100181,20250804,119,5,1,1800
TXN100182,20250505,42,1,1,12000
TXN100183,20251227,86,1,5,60000
TXN100184,20250630,110,6,2,144000
TXN100185,20250715,158,5,3,5400
TXN100186,20251003,159,6,2,144000
TXN100187,20250210,160,6,5,360000
TXN100188,20250121,161,5,1,1800
TXN100189,20250822,162,3,1,5000
TXN100190,20250723,163,5,4,7200
TXN100191,20251022,164,2,2,130000
TXN100192,20250426,165,5,5,9000
TXN100193,20250523,166,2,4,260000
TXN100194,20250129,103,7,3,174000
TXN100195,20251101,167,7,2,116000
TXN100196,20250217,93,5,1,1800
TXN100197,20251201,168,6,1,72000
TXN100198,20260103,169,5,4,7200
TXN100199,20250516,170,1,1,12000
TXN100200,20251111,171,2,5,325000
TXN100201,20251225,172,6,1,72000
TXN100202,20250709,173,5,2,3600
TXN100203,20251210,174,7,1,58000
TXN100204,20250731,175,3,5,25000
TXN100205,20250619,106,7,1,58000
TXN100206,20250525,176,5,5,9000
TXN100207,20250111,177,7,4,232000
TXN100208,20250513,178,4,5,22500
TXN100209,20250911,179,3,3,15000
TXN100210,20250314,180,3,1,5000
TXN100211,20250911,181,6,5,360000
TXN100212,20251205,182,2,4,260000
TXN100213,20250318,183,3,1,5000
TXN100214,20250423,184,7,3,174000
TXN100215,20250513,17,3,4,20000
TXN100216,20250318,185,2,2,130000
TXN100217,20250223,185,1,2,24000
TXN100218,20250920,186,5,5,9000
TXN100219,20250831,187,3,2,10000
TXN100220,20250927,188,3,5,25000
TXN100221,20250719,189,5,3,5400
TXN100222,20250902,190,2,2,130000
TXN100223,20250924,191,5,2,3600
TXN100224,20250619,192,4,5,22500
TXN100225,20250905,193,2,1,65000
TXN100226,20251228,194,1,4,48000
TXN100227,20250311,195,7,1,58000
TXN100228,20250418,196,2,3,195000
TXN100229,20250719,197,6,4,288000
TXN100230,20251110,176,7,3,174000
TXN100231,20250216,198,3,4,20000
TXN100232,20251118,199,4,3,13500
TXN100233,20250314,200,5,4,7200
TXN100234,20250814,201,6,5,360000
TXN100235,20251021,202,1,3,36000
TXN100236,20250509,203,1,1,12000
TXN100237,20250211,204,6,4,288000
TXN100238,20250924,205,6,1,72000
TXN100239,20250118,206,1,2,24000
TXN100240,20250726,71,5,5,9000
TXN100241,20250805,207,7,1,58000
TXN100242,20250506,208,4,2,9000
TXN100243,20250326,209,1,4,48000
TXN100244,20250423,210,3,2,10000
TXN100245,20250822,211,4,4,18000
TXN100246,20250808,212,1,4,48000
TXN100247,20250811,47,7,1,58000
TXN100248,20251104,213,5,2,3600
TXN100249,20250720,214,7,1,58000
TXN100250,20250117,215,5,4,7200
TXN100251,20250327,52,3,5,25000
TXN100252,20250802,216,2,2,130000
TXN100253,20250212,217,6,3,216000
TXN100254,20250909,218,3,1,5000
TXN100255,20250526,8,4,3,13500
TXN100256,20250921,151,4,5,22500
TXN100257,20250819,219,5,5,9000
TXN100258,20250301,220,3,3,15000
TXN100259,20251030,221,3,1,5000
TXN100260,20250411,156,1,1,12000
TXN100261,20251123,222,7,1,58000
TXN100262,20250703,223,4,4,18000
TXN100263,20251016,224,1,5,60000
TXN100264,20251025,47,4,2,9000
TXN100265,20250320,225,6,1,72000
TXN100266,20251123,226,4,2,9000
TXN100267,20251201,108,2,1,65000
TXN100268,20250721,85,6,4,288000
TXN100269,20250507,209,5,3,5400
TXN100270,20250320,227,2,1,65000
TXN100271,20250211,228,1,5,60000
TXN100272,20251101,229,3,1,5000
TXN100273,20251122,170,2,3,195000
TXN100274,20250225,230,4,5,22500
TXN100275,20250825,231,4,2,9000
TXN100276,20250906,232,2,4,260000
TXN100277,20250518,76,1,3,36000
TXN100278,20250811,233,6,4,288000
TXN100279,20251222,234,1,5,60000
TXN100280,20250917,74,2,4,260000
TXN100281,20250621,235,4,3,13500
TXN100282,20251221,31,4,4,18000
TXN100283,20250404,236,4,2,9000
TXN100284,20251016,20,2,2,130000
TXN100285,20250819,237,2,1,65000
TXN100286,20251022,238,2,2,130000
TXN100287,20250219,239,1,1,12000
TXN100288,20251014,240,7,3,174000
TXN100289,20250805,241,3,5,25000
TXN100290,20250124,242,3,4,20000
TXN100291,20250724,243,5,4,7200
TXN100292,20250307,244,2,3,195000
TXN100293,20250301,245,4,1,4500
TXN100294,20250923,117,6,1,72000
TXN100295,20250822,113,1,2,24000
TXN100296,20250818,246,7,5,290000
TXN100297,20251009,247,3,2,10000
TXN100298,20250328,248,3,1,5000
TXN100299,20250413,249,4,2,9000
TXN100300,20250911,105,6,4,288000
TXN100301,20250804,250,2,5,325000
TXN100302,20250212,251,1,5,60000
TXN100303,20250829,230,7,4,232000
TXN100304,20250619,252,2,4,260000
TXN100305,20250613,253,5,2,3600
TXN100306,20250722,254,2,1,65000
TXN100307,20250714,217,5,3,5400
TXN100308,20250719,131,1,3,36000
TXN100309,20251130,255,5,1,1800
TXN100310,20250617,256,6,5,360000
TXN100311,20250306,257,7,5,290000
TXN100312,20251127,258,2,4,260000
TXN100313,20250502,259,6,2,144000
TXN100314,20250719,260,2,5,325000
TXN100315,20250901,122,7,5,290000
TXN100316,20251123,261,4,5,22500
TXN100317,20250511,6,5,4,7200
TXN100318,20251110,122,2,5,325000
TXN100319,20250608,262,5,2,3600
TXN100320,20250810,263,4,2,9000
TXN100321,20250324,68,4,5,22500
TXN100322,20251030,264,5,2,3600
TXN100323,20250626,265,3,4,20000
TXN100324,20250622,266,1,1,12000
TXN100325,20251026,267,2,1,65000
TXN100326,20250710,268,6,2,144000
TXN100327,20251218,269,7,4,232000
TXN100328,20250930,270,4,1,4500
TXN100329,20251210,271,4,1,4500
TXN100330,20250319,272,3,3,15000
TXN100331,20250219,273,4,4,18000
TXN100332,20250525,274,7,5,290000
TXN100333,20250925,275,7,5,290000
TXN100334,20250420,209,6,1,72000
TXN100335,20250427,142,3,5,25000
TXN100336,20250815,276,6,2,144000
TXN100337,20250329,78,5,1,1800
TXN100338,20250204,277,7,3,174000
TXN100339,20251130,176,2,4,260000
TXN100340,20250627,278,2,4,260000
TXN100341,20250703,279,5,2,3600
TXN100342,20260101,97,5,2,3600
TXN100343,20260103,280,6,1,72000
TXN100344,20250314,281,5,1,1800
TXN100345,20251224,282,6,5,360000
TXN100346,20250906,283,5,2,3600
TXN100347,20250613,284,4,4,18000
TXN100348,20250801,285,7,2,116000
TXN100349,20250824,286,1,2,24000
TXN100350,20250607,25,4,1,4500
TXN100351,20250802,287,5,4,7200
TXN100352,20250214,288,2,2,130000
TXN100353,20250517,289,2,3,195000
TXN100354,20250810,290,7,4,232000
TXN100355,20250426,88,4,3,13500
TXN100356,20251120,291,3,3,15000
TXN100357,20250304,259,4,1,4500
TXN100358,20250106,292,4,3,13500
TXN100359,20250210,293,6,2,144000
TXN100360,20250825,294,1,1,12000
TXN100361,20250206,295,5,3,5400
TXN100362,20250823,296,4,4,18000
TXN100363,20250403,94,4,1,4500
TXN100364,20250729,297,3,3,15000
TXN100365,20250206,298,5,5,9000
TXN100366,20250805,299,1,5,60000
TXN100367,20250728,300,1,3,36000
TXN100368,20250917,301,5,5,9000
TXN100369,20251106,302,5,5,9000
TXN100370,20250723,303,2,1,65000
TXN100371,20250702,304,5,3,5400
TXN100372,20250109,305,5,2,3600
TXN100373,20250613,306,3,4,20000
TXN100374,20250524,103,2,3,195000
TXN100375,20250720,307,6,2,144000
TXN100376,20250527,308,7,4,232000
TXN100377,20250226,309,2,3,195000
TXN100378,20250606,310,7,5,290000
TXN100379,20250815,33,1,3,36000
TXN100380,20250811,311,4,4,18000
TXN100381,20250417,312,2,4,260000
TXN100382,20250725,313,7,2,116000
TXN100383,20250130,314,5,5,9000
TXN100384,20250420,315,4,4,18000
TXN100385,20250306,316,6,4,288000
TXN100386,20250529,317,5,3,5400
TXN100387,20250221,177,6,3,216000
TXN100388,20250930,318,3,1,5000
TXN100389,20251115,319,6,2,144000
TXN100390,20250617,86,4,1,4500
TXN100391,20250210,320,7,1,58000
TXN100392,20250629,321,6,5,360000
TXN100393,20250919,322,6,4,288000
TXN100394,20250602,323,7,1,58000
TXN100395,20250516,115,4,1,4500
TXN100396,20250507,324,1,5,60000
TXN100397,20250220,137,7,5,290000
TXN100398,20251218,325,2,5,325000
TXN100399,20250508,326,7,1,58000
TXN100400,20250718,327,1,2,24000
TXN100401,20251207,30,3,3,15000
TXN100402,20250430,296,1,2,24000
TXN100403,20251031,328,6,2,144000
TXN100404,20250914,281,1,4,48000
TXN100405,20250604,329,5,2,3600
TXN100406,20250607,330,7,3,174000
TXN100407,20250105,331,3,4,20000
TXN100408,20250504,332,7,3,174000
TXN100409,20250910,98,7,1,58000
TXN100410,20250824,333,4,5,22500
TXN100411,20250106,334,3,5,25000
TXN100412,20250526,59,6,4,288000
TXN100413,20250109,335,3,4,20000
TXN100414,20250211,53,3,5,25000
TXN100415,20250315,336,2,2,130000
TXN100416,20250226,337,3,1,5000
TXN100417,20250912,150,3,3,15000
TXN100418,20250710,225,2,3,195000
TXN100419,20250118,287,6,3,216000
TXN100420,20250520,268,7,4,232000
TXN100421,20250523,253,2,1,65000
TXN100422,20250906,107,7,5,290000
TXN100423,20251231,338,3,2,10000
TXN100424,20250601,339,2,3,195000
TXN100425,20250909,25,6,1,72000
TXN100426,20250217,340,5,1,1800
TXN100427,20250518,286,2,1,65000
TXN100428,20250705,23,4,3,13500
TXN100429,20251210,248,3,2,10000
TXN100430,20251108,341,1,2,24000
TXN100431,20251208,342,5,4,7200
TXN100432,20251209,343,6,2,144000
TXN100433,20250904,344,7,3,174000
TXN100434,20250716,70,2,3,195000
TXN100435,20251101,345,6,4,288000
TXN100436,20250512,346,6,3,216000
TXN100437,20250509,347,1,1,12000
TXN100438,20250921,348,2,5,325000
TXN100439,20251231,349,6,1,72000
TXN100440,20251026,350,3,5,25000
TXN100441,20250601,351,7,5,290000
TXN100442,20250212,352,5,1,1800
TXN100443,20250527,353,7,1,58000
TXN100444,20250116,354,4,1,4500
TXN100445,20250731,355,6,4,288000
TXN100446,20250513,356,5,3,5400
TXN100447,20251129,357,6,3,216000
TXN100448,20251207,358,3,2,10000
TXN100449,20250723,359,6,3,216000
TXN100450,20250226,360,4,1,4500
TXN100451,20250509,1,5,4,7200
TXN100452,20250724,361,6,5,360000
TXN100453,20250916,285,6,4,288000
TXN100454,20250411,362,6,3,216000
TXN100455,20250524,184,5,3,5400
TXN100456,20251204,363,4,2,9000
TXN100457,20251220,296,2,4,260000
TXN100458,20250201,163,6,5,360000
TXN100459,20250521,315,7,1,58000
TXN100460,20251003,187,6,5,360000
TXN100461,20250802,364,3,3,15000
TXN100462,20250721,365,7,1,58000
TXN100463,20250720,366,1,2,24000
TXN100464,20250109,367,5,3,5400
TXN100465,20251215,368,7,5,290000
TXN100466,20251104,369,7,5,290000
TXN100467,20251017,370,3,3,15000
TXN100468,20250201,359,3,4,20000
TXN100469,20251013,287,7,3,174000
TXN100470,20250802,371,4,5,22500
TXN100471,20251104,372,6,1,72000
TXN100472,20251114,338,2,3,195000
TXN100473,20250723,373,6,3,216000
TXN100474,20251209,374,7,5,290000
TXN100475,20250126,375,7,1,58000
TXN100476,20250512,161,4,5,22500
TXN100477,20250304,165,6,2,144000
TXN100478,20250601,365,7,3,174000
TXN100479,20250905,290,4,1,4500
TXN100480,20250411,94,7,5,290000
TXN100481,20250910,376,5,1,1800
TXN100482,20250422,6,1,1,12000
TXN100483,20250622,377,3,2,10000
TXN100484,20250514,378,7,4,232000
TXN100485,20250219,379,7,5,290000
TXN100486,20250425,343,6,3,216000
TXN100487,20250628,380,2,4,260000
TXN100488,20250727,288,6,3,216000
TXN100489,20250108,254,2,1,65000
TXN100490,20250722,381,3,4,20000
TXN100491,20250113,170,6,5,360000
TXN100492,20250419,382,2,1,65000
TXN100493,20250912,256,6,2,144000
TXN100494,20250629,204,5,1,1800
TXN100495,20250717,383,1,2,24000
TXN100496,20250517,384,3,3,15000
TXN100497,20251224,167,7,5,290000
TXN100498,20250918,385,1,5,60000
TXN100499,20250622,386,3,2,10000
TXN100500,20250221,387,7,4,232000
TXN100501,20250914,388,6,2,144000
TXN100502,20250827,221,4,4,18000
TXN100503,20251205,389,6,5,360000
TXN100504,20250916,390,6,2,144000
TXN100505,20250818,125,5,5,9000
TXN100506,20250419,391,7,1,58000
TXN100507,20250717,392,7,2,116000
TXN100508,20250728,193,3,1,5000
TXN100509,20251210,327,4,1,4500
TXN100510,20250809,393,3,1,5000
TXN100511,20250112,109,3,5,25000
TXN100512,20250928,394,6,5,360000
TXN100513,20250315,395,4,2,9000
TXN100514,20251219,396,2,5,325000
TXN100515,20250716,397,6,4,288000
TXN100516,20251115,398,6,5,360000
TXN100517,20250407,399,3,5,25000
TXN100518,20250130,78,4,2,9000
TXN100519,20250217,400,3,2,10000
TXN100520,20250325,401,4,2,9000
TXN100521,20250925,400,4,1,4500
TXN100522,20250323,216,7,5,290000
TXN100523,20251207,402,6,1,72000
TXN100524,20250822,403,5,4,7200
TXN100525,20250720,404,3,4,20000
TXN100526,20250419,375,6,2,144000
TXN100527,20251215,405,6,3,216000
TXN100528,20250621,406,6,2,144000
TXN100529,20250225,96,7,4,232000
TXN100530,20250226,407,1,4,48000
TXN100531,20250105,137,6,2,144000
TXN100532,20250611,408,5,5,9000
TXN100533,20251223,409,1,2,24000
TXN100534,20250426,410,4,2,9000
TXN100535,20251124,411,3,3,15000
TXN100536,20250916,392,5,3,5400
TXN100537,20250330,304,6,2,144000
TXN100538,20260102,412,1,1,12000
TXN100539,20251122,139,1,2,24000
TXN100540,20251112,18,1,5,60000
TXN100541,20250704,413,3,5,25000
TXN100542,20251005,414,6,4,288000
TXN100543,20250305,415,4,1,4500
TXN100544,20250323,416,4,4,18000
TXN100545,20251113,417,2,4,260000
TXN100546,20250113,315,5,5,9000
TXN100547,20250822,280,4,4,18000
TXN100548,20250317,418,5,2,3600
TXN100549,20251008,419,3,5,25000
TXN100550,20250715,420,4,5,22500
TXN100551,20250527,175,5,4,7200
TXN100552,20251204,421,6,5,360000
TXN100553,20251107,422,5,2,3600
TXN100554,20250217,423,7,5,290000
TXN100555,20250515,424,4,1,4500
TXN100556,20250911,425,2,3,195000
TXN100557,20250904,426,5,2,3600
TXN100558,20250506,152,4,2,9000
TXN100559,20250526,26,4,2,9000
TXN100560,20260104,427,5,3,5400
TXN100561,20250401,428,2,5,325000
TXN100562,20250213,429,2,3,195000
TXN100563,20250323,51,2,5,325000
TXN100564,20250928,134,2,2,130000
TXN100565,20250420,430,3,4,20000
TXN100566,20260104,159,6,1,72000
TXN100567,20250309,431,4,2,9000
TXN100568,20251002,24,7,5,290000
TXN100569,20250523,432,7,5,290000
TXN100570,20250308,345,7,1,58000
TXN100571,20251017,433,1,4,48000
TXN100572,20251125,26,2,5,325000
TXN100573,20251118,434,5,5,9000
TXN100574,20250710,88,2,1,65000
TXN100575,20250410,435,1,3,36000
TXN100576,20251128,436,3,3,15000
TXN100577,20250420,12,4,5,22500
TXN100578,20250719,437,4,2,9000
TXN100579,20250804,438,2,3,195000
TXN100580,20251223,310,5,4,7200
TXN100581,20251023,439,1,4,48000
TXN100582,20251017,440,1,5,60000
TXN100583,20250116,394,3,1,5000
TXN100584,20250315,441,1,4,48000
TXN100585,20251209,442,6,4,288000
TXN100586,20260102,430,1,4,48000
TXN100587,20250213,443,2,2,130000
TXN100588,20250409,444,3,5,25000
TXN100589,20250624,445,4,3,13500
TXN100590,20251115,279,3,2,10000
TXN100591,20250329,52,6,4,288000
TXN100592,20250715,446,1,2,24000
TXN100593,20250504,438,5,3,5400
TXN100594,20250126,447,2,2,130000
TXN100595,20251111,197,6,5,360000
TXN100596,20251009,388,1,1,12000
TXN100597,20250424,448,2,3,195000
TXN100598,20251101,449,6,1,72000
TXN100599,20250716,450,1,5,60000
TXN100600,20250108,451,7,5,290000
TXN100601,20251104,452,5,1,1800
TXN100602,20250710,453,6,1,72000
TXN100603,20250929,160,3,1,5000
TXN100604,20250504,308,4,3,13500
TXN100605,20251213,454,7,1,58000
TXN100606,20250918,455,1,3,36000
TXN100607,20250922,456,5,1,1800
TXN100608,20250830,457,2,5,325000
TXN100609,20251115,458,7,1,58000
TXN100610,20250107,459,3,2,10000
TXN100611,20250419,460,3,2,10000
TXN100612,20250325,285,2,3,195000
TXN100613,20251002,461,5,2,3600
TXN100614,20251227,462,6,3,216000
TXN100615,20250526,463,1,5,60000
TXN100616,20250316,464,7,3,174000
TXN100617,20250903,397,5,2,3600
TXN100618,20251030,465,6,3,216000
TXN100619,20251122,466,7,3,174000
TXN100620,20250121,467,6,5,360000
TXN100621,20250430,468,7,5,290000
TXN100622,20250324,469,6,4,288000
TXN100623,20250819,434,5,4,7200
TXN100624,20250523,470,4,2,9000
TXN100625,20250111,33,5,5,9000
TXN100626,20250224,47,6,4,288000
TXN100627,20250202,116,2,2,130000
TXN100628,20250702,471,5,4,7200
TXN100629,20250730,189,5,3,5400
TXN100630,20251129,472,2,4,260000
TXN100631,20250611,473,2,1,65000
TXN100632,20250116,474,1,1,12000
TXN100633,20250410,122,1,2,24000
TXN100634,20251127,475,1,1,12000
TXN100635,20250306,476,1,5,60000
TXN100636,20250912,435,1,5,60000
TXN100637,20250423,477,1,1,12000
TXN100638,20250526,478,4,1,4500
TXN100639,20250828,479,6,5,360000
TXN100640,20250804,337,3,4,20000
TXN100641,20250503,480,6,5,360000
TXN100642,20250710,481,6,2,144000
TXN100643,20250127,482,2,2,130000
TXN100644,20250317,483,5,5,9000
TXN100645,20250824,484,4,4,18000
TXN100646,20250510,423,7,2,116000
TXN100647,20250902,353,7,3,174000
TXN100648,20250314,485,7,3,174000
TXN100649,20251025,486,1,1,12000
TXN100650,20250708,487,3,4,20000
TXN100651,20250109,488,5,5,9000
TXN100652,20250722,489,4,1,4500
TXN100653,20250223,383,6,3,216000
TXN100654,20250428,92,7,3,174000
TXN100655,20250105,484,2,4,260000
TXN100656,20250325,124,7,1,58000
TXN100657,20250531,386,2,5,325000
TXN100658,20250613,490,1,1,12000
TXN100659,20250616,126,1,4,48000
TXN100660,20250412,262,5,1,1800
TXN100661,20250522,424,7,5,290000
TXN100662,20250414,491,6,1,72000
TXN100663,20250430,36,3,1,5000
TXN100664,20250412,492,2,4,260000
TXN100665,20251005,82,5,4,7200
TXN100666,20250414,493,5,4,7200
TXN100667,20251031,494,3,3,15000
TXN100668,20250402,495,7,3,174000
TXN100669,20250203,373,3,3,15000
TXN100670,20250423,496,7,5,290000
TXN100671,20250320,260,1,2,24000
TXN100672,20250812,497,5,5,9000
TXN100673,20251007,498,4,5,22500
TXN100674,20250828,106,4,5,22500
TXN100675,20250706,431,5,4,7200
TXN100676,20250628,499,5,3,5400
TXN100677,20250919,208,3,2,10000
TXN100678,20250512,500,6,3,216000
TXN100679,20250310,501,5,1,1800
TXN100680,20250429,502,3,3,15000
TXN100681,20251011,503,5,3,5400
TXN100682,20250907,504,3,4,20000
TXN100683,20250212,505,3,2,10000
TXN100684,20250910,93,3,3,15000
TXN100685,20250815,482,6,4,288000
TXN100686,20251230,506,2,3,195000
TXN100687,20251206,459,6,2,144000
TXN100688,20250724,90,2,2,130000
TXN100689,20250909,48,7,1,58000
TXN100690,20251108,25,6,1,72000
TXN100691,20251213,389,1,1,12000
TXN100692,20250620,507,3,1,5000
TXN100693,20250504,16,2,3,195000
TXN100694,20250117,103,2,4,260000
TXN100695,20250520,508,4,1,4500
TXN100696,20251124,82,7,3,174000
TXN100697,20251227,144,5,4,7200
TXN100698,20250716,509,1,4,48000
TXN100699,20250423,150,1,5,60000
TXN100700,20251123,510,7,1,58000
TXN100701,20250511,95,2,2,130000
TXN100702,20250329,71,5,5,9000
TXN100703,20250507,149,5,4,7200
TXN100704,20250823,423,7,1,58000
TXN100705,20250126,511,5,4,7200
TXN100706,20250203,512,2,5,325000
TXN100707,20250410,513,4,3,13500
TXN100708,20250801,206,5,2,3600
TXN100709,20250228,159,6,1,72000
TXN100710,20251207,108,3,4,20000
TXN100711,20250507,514,4,5,22500
TXN100712,20251108,515,7,1,58000
TXN100713,20250423,433,4,4,18000
TXN100714,20250512,516,1,2,24000
TXN100715,20250317,517,5,5,9000
TXN100716,20250301,48,4,5,22500
TXN100717,20250319,518,2,2,130000
TXN100718,20251218,519,2,5,325000
TXN100719,20250822,520,5,2,3600
TXN100720,20250319,521,1,1,12000
TXN100721,20250111,480,3,3,15000
TXN100722,20250607,516,5,5,9000
TXN100723,20251011,522,4,4,18000
TXN100724,20250911,472,3,5,25000
TXN100725,20250322,40,4,4,18000
TXN100726,20250320,523,3,2,10000
TXN100727,20251124,524,7,2,116000
TXN100728,20250104,525,6,1,72000
TXN100729,20251205,283,2,5,325000
TXN100730,20250303,224,7,2,116000
TXN100731,20251027,526,4,3,13500
TXN100732,20250907,527,3,2,10000
TXN100733,20250822,528,2,5,325000
TXN100734,20250317,405,2,2,130000
TXN100735,20250826,529,3,3,15000
TXN100736,20250910,530,7,4,232000
TXN100737,20250717,531,7,2,116000
TXN100738,20250521,161,4,1,4500
TXN100739,20250829,340,2,5,325000
TXN100740,20250116,532,6,3,216000
TXN100741,20250826,533,5,4,7200
TXN100742,20250325,534,1,2,24000
TXN100743,20251019,535,5,1,1800
TXN100744,20250402,32,1,5,60000
TXN100745,20250610,226,6,1,72000
TXN100746,20250505,358,2,5,325000
TXN100747,20251112,346,7,2,116000
TXN100748,20251219,536,7,3,174000
TXN100749,20250106,537,3,2,10000
TXN100750,20250729,538,4,1,4500
TXN100751,20250616,539,2,5,325000
TXN100752,20251116,275,2,3,195000
TXN100753,20250703,285,1,4,48000
TXN100754,20251019,540,5,4,7200
TXN100755,20250329,541,4,1,4500
TXN100756,20250612,542,1,4,48000
TXN100757,20250117,543,4,1,4500
TXN100758,20250925,504,4,5,22500
TXN100759,20250918,544,2,4,260000
TXN100760,20250120,545,5,3,5400
TXN100761,20250314,530,4,3,13500
TXN100762,20250621,98,7,4,232000
TXN100763,20250808,51,4,2,9000
TXN100764,20250417,233,2,1,65000
TXN100765,20250713,511,1,1,12000
TXN100766,20251026,546,5,3,5400
TXN100767,20251128,547,1,4,48000
TXN100768,20250509,515,6,4,288000
TXN100769,20251015,458,5,3,5400
TXN100770,20251228,143,5,3,5400
TXN100771,20251124,548,7,1,58000
TXN100772,20251012,549,5,4,7200
TXN100773,20251229,550,7,4,232000
TXN100774,20250108,551,4,1,4500
TXN100775,20251013,87,5,3,5400
TXN100776,20250920,552,2,4,260000
TXN100777,20250923,553,5,5,9000
TXN100778,20250227,554,1,4,48000
TXN100779,20250203,285,3,5,25000
TXN100780,20250521,555,3,1,5000
TXN100781,20250428,30,7,2,116000
TXN100782,20250703,421,3,1,5000
TXN100783,20250322,263,4,5,22500
TXN100784,20250911,556,2,4,260000
TXN100785,20250118,557,1,3,36000
TXN100786,20250922,558,4,2,9000
TXN100787,20250111,91,6,2,144000
TXN100788,20250831,559,2,1,65000
TXN100789,20250409,225,7,1,58000
TXN100790,20250706,560,3,2,10000
TXN100791,20250815,561,2,2,130000
TXN100792,20250223,211,5,1,1800
TXN100793,20250712,269,7,1,58000
TXN100794,20250323,409,1,3,36000
TXN100795,20250510,562,4,1,4500
TXN100796,20251230,563,1,5,60000
TXN100797,20250202,564,7,3,174000
TXN100798,20251031,478,6,3,216000
TXN100799,20251010,423,7,5,290000
TXN100800,20251206,565,2,3,195000
TXN100801,20251101,373,4,1,4500
TXN100802,20250423,566,4,5,22500
TXN100803,20250314,156,2,2,130000
TXN100804,20250516,310,7,1,58000
TXN100805,20250429,247,1,5,60000
TXN100806,20250511,567,6,2,144000
TXN100807,20250805,568,1,5,60000
TXN100808,20250802,569,4,2,9000
TXN100809,20250927,100,1,1,12000
TXN100810,20250803,170,3,1,5000
TXN100811,20250718,414,3,4,20000
TXN100812,20251102,207,3,5,25000
TXN100813,20250526,570,4,1,4500
TXN100814,20251018,268,6,2,144000
TXN100815,20250518,389,7,5,290000
TXN100816,20250621,242,7,3,174000
TXN100817,20251207,571,7,2,116000
TXN100818,20250307,289,3,5,25000
TXN100819,20250618,246,2,5,325000
TXN100820,20250629,359,6,1,72000
TXN100821,20250320,296,2,5,325000
TXN100822,20250119,572,6,1,72000
TXN100823,20250627,241,1,2,24000
TXN100824,20250109,573,6,3,216000
TXN100825,20250319,377,7,4,232000
TXN100826,20251203,428,2,2,130000
TXN100827,20250110,574,2,1,65000
TXN100828,20250129,575,7,1,58000
TXN100829,20250502,576,6,4,288000
TXN100830,20250517,22,5,4,7200
TXN100831,20250112,40,4,5,22500
TXN100832,20251119,127,1,3,36000
TXN100833,20251225,396,5,5,9000
TXN100834,20250626,255,1,3,36000
TXN100835,20250508,577,4,1,4500
TXN100836,20250405,178,3,3,15000
TXN100837,20250210,205,6,3,216000
TXN100838,20251103,514,7,2,116000
TXN100839,20250801,578,7,3,174000
TXN100840,20250913,548,6,2,144000
TXN100841,20251126,579,4,4,18000
TXN100842,20250828,580,4,4,18000
TXN100843,20250317,581,2,1,65000
TXN100844,20250612,549,5,5,9000
TXN100845,20251211,316,4,2,9000
TXN100846,20250910,496,4,3,13500
TXN100847,20250531,582,2,4,260000
TXN100848,20250206,382,3,2,10000
TXN100849,20250209,583,6,3,216000
TXN100850,20250529,97,2,2,130000
TXN100851,20250818,584,2,3,195000
TXN100852,20250827,338,5,2,3600
TXN100853,20251227,485,3,2,10000
TXN100854,20251104,585,3,3,15000
TXN100855,20250626,586,6,4,288000
TXN100856,20250331,96,4,1,4500
TXN100857,20250909,332,6,3,216000
TXN100858,20251008,2,5,3,5400
TXN100859,20250825,77,4,4,18000
TXN100860,20250806,587,1,3,36000
TXN100861,20250521,518,6,3,216000
TXN100862,20250702,364,3,5,25000
TXN100863,20250326,588,7,3,174000
TXN100864,20250222,55,3,2,10000
TXN100865,20250114,70,1,5,60000
TXN100866,20251223,589,5,2,3600
TXN100867,20250126,66,6,4,288000
TXN100868,20250914,590,1,2,24000
TXN100869,20250628,591,1,1,12000
TXN100870,20251124,464,3,1,5000
TXN100871,20250302,84,6,5,360000
TXN100872,20251010,211,2,3,195000
TXN100873,20251025,592,4,1,4500
TXN100874,20250327,593,6,2,144000
TXN100875,20250619,554,2,4,260000
TXN100876,20250504,594,3,4,20000
TXN100877,20250706,23,1,3,36000
TXN100878,20251026,146,1,3,36000
TXN100879,20251031,140,2,5,325000
TXN100880,20250307,472,5,5,9000
TXN100881,20250303,175,2,4,260000
TXN100882,20250511,246,4,2,9000
TXN100883,20251202,251,7,1,58000
TXN100884,20250703,566,3,1,5000
TXN100885,20250519,85,5,3,5400
TXN100886,20251105,595,5,2,3600
TXN100887,20251130,596,1,1,12000
TXN100888,20250202,258,4,4,18000
TXN100889,20250501,72,5,2,3600
TXN100890,20250114,597,5,1,1800
TXN100891,20250109,482,1,4,48000
TXN100892,20250731,598,4,3,13500
TXN100893,20250605,599,4,3,13500
TXN100894,20250806,552,7,5,290000
TXN100895,20251206,474,2,5,325000
TXN100896,20250611,600,5,5,9000
TXN100897,20250822,315,4,2,9000
TXN100898,20250121,601,5,4,7200
TXN100899,20250301,329,7,4,232000
TXN100900,20250616,602,1,5,60000
TXN100901,20250308,292,4,1,4500
TXN100902,20250906,603,2,2,130000
TXN100903,20251009,604,1,4,48000
TXN100904,20250625,605,7,5,290000
TXN100905,20250302,606,6,2,144000
TXN100906,20250624,533,3,1,5000
TXN100907,20250726,502,4,3,13500
TXN100908,20250329,9,3,3,15000
TXN100909,20250418,525,7,3,174000
TXN100910,20250518,457,4,2,9000
TXN100911,20250621,373,5,3,5400
TXN100912,20250212,190,1,1,12000
TXN100913,20250121,35,5,3,5400
TXN100914,20250915,275,2,1,65000
TXN100915,20250107,607,6,2,144000
TXN100916,20250620,508,4,2,9000
TXN100917,20251126,563,2,3,195000
TXN100918,20260101,353,3,4,20000
TXN100919,20250128,608,3,4,20000
TXN100920,20250302,49,7,3,174000
TXN100921,20251015,125,6,5,360000
TXN100922,20250518,150,5,1,1800
TXN100923,20251214,609,3,1,5000
TXN100924,20251127,610,2,3,195000
TXN100925,20250529,611,7,4,232000
TXN100926,20250525,575,3,1,5000
TXN100927,20250715,612,7,5,290000
TXN100928,20251207,454,2,2,130000
TXN100929,20251104,296,2,4,260000
TXN100930,20250330,11,2,2,130000
TXN100931,20250522,613,1,4,48000
TXN100932,20250811,360,4,4,18000
TXN100933,20251205,216,5,4,7200
TXN100934,20250416,614,1,3,36000
TXN100935,20251023,58,7,1,58000
TXN100936,20250503,615,6,1,72000
TXN100937,20250314,616,3,4,20000
TXN100938,20250502,412,4,5,22500
TXN100939,20250412,617,7,2,116000
TXN100940,20260103,401,5,5,9000
TXN100941,20250807,405,4,5,22500
TXN100942,20250918,618,3,1,5000
TXN100943,20250723,619,6,5,360000
TXN100944,20260102,620,7,4,232000
TXN100945,20250621,621,5,5,9000
TXN100946,20251101,622,1,1,12000
TXN100947,20250129,194,5,5,9000
TXN100948,20250705,620,1,2,24000
TXN100949,20250225,542,5,3,5400
TXN100950,20251128,623,7,4,232000
TXN100951,20250814,132,4,4,18000
TXN100952,20250819,442,5,3,5400
TXN100953,20250612,624,5,2,3600
TXN100954,20250519,407,4,2,9000
TXN100955,20250819,625,4,3,13500
TXN100956,20250425,84,7,1,58000
TXN100957,20250219,626,7,2,116000
TXN100958,20250322,125,6,1,72000
TXN100959,20251219,283,4,4,18000
TXN100960,20250417,559,7,5,290000
TXN100961,20250914,627,2,4,260000
TXN100962,20250506,84,5,2,3600
TXN100963,20250219,255,3,5,25000
TXN100964,20251104,564,2,1,65000
TXN100965,20250504,628,1,4,48000
TXN100966,20251217,629,2,5,325000
TXN100967,20251127,147,4,4,18000
TXN100968,20250619,56,4,2,9000
TXN100969,20250227,630,3,1,5000
TXN100970,20250328,20,5,2,3600
TXN100971,20250703,631,7,1,58000
TXN100972,20251119,564,7,4,232000
TXN100973,20250127,632,1,5,60000
TXN100974,20250516,633,3,3,15000
TXN100975,20250224,241,2,4,260000
TXN100976,20251005,428,7,5,290000
TXN100977,20250705,183,6,1,72000
TXN100978,20251012,442,7,4,232000
TXN100979,20251210,634,1,1,12000
TXN100980,20250331,635,5,2,3600
TXN100981,20250923,636,7,1,58000
TXN100982,20250620,637,3,3,15000
TXN100983,20250206,441,1,3,36000
TXN100984,20251103,527,3,1,5000
TXN100985,20251021,638,3,1,5000
TXN100986,20250322,631,1,5,60000
TXN100987,20250504,70,5,4,7200
TXN100988,20250509,205,1,3,36000
TXN100989,20250725,639,7,2,116000
TXN100990,20250609,640,1,2,24000
TXN100991,20251111,376,4,4,18000
TXN100992,20251013,367,4,4,18000
TXN100993,20250511,641,7,2,116000
TXN100994,20250720,262,6,4,288000
TXN100995,20250422,642,2,1,65000
TXN100996,20250929,336,3,3,15000
TXN100997,20250611,643,4,3,13500
TXN100998,20250627,194,6,4,288000
TXN100999,20251217,499,7,3,174000
TXN101000,20250206,644,2,4,260000
TXN101001,20250407,284,7,3,174000
TXN101002,20251207,258,6,4,288000
TXN101003,20250521,550,3,2,10000
TXN101004,20251020,645,5,5,9000
TXN101005,20250525,597,4,3,13500
TXN101006,20250523,646,6,3,216000
TXN101007,20250208,148,3,3,15000
TXN101008,20250311,217,1,1,12000
TXN101009,20250826,647,7,3,174000
TXN101010,20251111,562,5,4,7200
TXN101011,20250511,317,5,5,9000
TXN101012,20250325,507,1,1,12000
TXN101013,20250114,360,7,2,116000
TXN101014,20260102,346,2,4,260000
TXN101015,20250423,450,1,2,24000
TXN101016,20251219,648,5,4,7200
TXN101017,20251019,509,1,4,48000
TXN101018,20251221,494,7,3,174000
TXN101019,20251015,487,1,1,12000
TXN101020,20251225,640,2,3,195000
TXN101021,20250417,649,4,5,22500
TXN101022,20251217,456,1,4,48000
TXN101023,20251202,650,3,3,15000
TXN101024,20250531,651,3,1,5000
TXN101025,20250606,469,5,2,3600
TXN101026,20250920,284,1,3,36000
TXN101027,20251225,644,6,4,288000
TXN101028,20251018,641,7,2,116000
TXN101029,20250302,603,3,2,10000
TXN101030,20250319,652,2,4,260000
TXN101031,20251013,37,1,4,48000
TXN101032,20250702,499,4,4,18000
TXN101033,20250117,147,1,3,36000
TXN101034,20250110,558,5,4,7200
TXN101035,20250123,41,5,3,5400
TXN101036,20250607,46,3,3,15000
TXN101037,20251021,547,5,5,9000
TXN101038,20251030,337,6,5,360000
TXN101039,20251228,653,2,1,65000
TXN101040,20250304,506,4,5,22500
TXN101041,20250513,46,6,1,72000
TXN101042,20250519,156,1,1,12000
TXN101043,20250804,295,6,5,360000
TXN101044,20250405,381,6,1,72000
TXN101045,20250502,259,2,4,260000
TXN101046,20250301,654,7,2,116000
TXN101047,20250329,587,5,4,7200
TXN101048,20250520,655,2,3,195000
TXN101049,20250106,479,1,2,24000
TXN101050,20250701,415,1,5,60000
TXN101051,20250921,31,4,4,18000
TXN101052,20250302,583,4,4,18000
TXN101053,20251215,349,4,1,4500
TXN101054,20251123,82,4,3,13500
TXN101055,20250809,85,6,5,360000
TXN101056,20250915,443,7,5,290000
TXN101057,20251003,656,6,4,288000
TXN101058,20250521,154,2,1,65000
TXN101059,20250216,514,2,5,325000
TXN101060,20250505,657,2,5,325000
TXN101061,20250418,235,1,2,24000
TXN101062,20250725,557,2,5,325000
TXN101063,20250726,484,3,2,10000
TXN101064,20251203,248,2,1,65000
TXN101065,20250529,447,6,2,144000
TXN101066,20250128,493,4,4,18000
TXN101067,20251011,340,2,3,195000
TXN101068,20251223,201,2,3,195000
TXN101069,20251027,658,4,4,18000
TXN101070,20250510,364,1,3,36000
TXN101071,20250806,316,6,2,144000
TXN101072,20251118,112,6,5,360000
TXN101073,20250625,659,4,1,4500
TXN101074,20250723,225,5,2,3600
TXN101075,20250426,643,1,5,60000
TXN101076,20250516,302,2,1,65000
TXN101077,20250226,411,5,5,9000
TXN101078,20250328,321,4,3,13500
TXN101079,20251112,536,3,3,15000
TXN101080,20250929,494,2,5,325000
TXN101081,20251228,643,7,4,232000
TXN101082,20250121,106,4,2,9000
TXN101083,20250414,648,3,1,5000
TXN101084,20251007,39,7,1,58000
TXN101085,20251211,589,6,2,144000
TXN101086,20250629,470,4,5,22500
TXN101087,20250624,343,7,3,174000
TXN101088,20250422,660,5,1,1800
TXN101089,20250221,661,6,5,360000
TXN101090,20250117,101,4,1,4500
TXN101091,20250915,662,7,2,116000
TXN101092,20250106,411,4,3,13500
TXN101093,20250530,447,2,3,195000
TXN101094,20250328,663,2,5,325000
TXN101095,20250628,664,6,1,72000
TXN101096,20251110,310,1,3,36000
TXN101097,20250130,427,5,2,3600
TXN101098,20250620,541,7,1,58000
TXN101099,20250125,568,5,1,1800
TXN101100,20250721,665,3,5,25000
TXN101101,20250801,348,4,4,18000
TXN101102,20250412,328,7,3,174000
TXN101103,20251129,498,2,5,325000
TXN101104,20251019,253,2,1,65000
TXN101105,20250903,70,2,2,130000
TXN101106,20250303,514,1,5,60000
TXN101107,20250817,484,5,5,9000
TXN101108,20250129,666,1,1,12000
TXN101109,20251119,667,1,3,36000
TXN101110,20251101,668,2,5,325000
TXN101111,20250921,669,7,4,232000
TXN101112,20250113,315,2,4,260000
TXN101113,20250420,453,1,5,60000
TXN101114,20250108,499,5,3,5400
TXN101115,20251124,293,4,5,22500
TXN101116,20250823,670,5,4,7200
TXN101117,20250811,671,7,2,116000
TXN101118,20250729,649,4,5,22500
TXN101119,20250530,672,3,4,20000
TXN101120,20250610,673,2,3,195000
TXN101121,20251213,293,7,3,174000
TXN101122,20260101,71,3,2,10000
TXN101123,20250511,431,4,2,9000
TXN101124,20251002,674,6,5,360000
TXN101125,20251225,234,7,2,116000
TXN101126,20250306,295,4,5,22500
TXN101127,20250618,211,4,4,18000
TXN101128,20250110,665,1,1,12000
TXN101129,20250628,579,3,4,20000
TXN101130,20250305,436,5,4,7200
TXN101131,20250504,633,6,3,216000
TXN101132,20250608,675,1,2,24000
TXN101133,20250910,306,7,1,58000
TXN101134,20250526,676,3,1,5000
TXN101135,20250628,458,4,2,9000
TXN101136,20251210,185,5,3,5400
TXN101137,20250724,654,3,5,25000
TXN101138,20250418,169,4,3,13500
TXN101139,20251207,402,7,5,290000
TXN101140,20250529,22,4,3,13500
TXN101141,20250916,67,7,1,58000
TXN101142,20250609,399,4,5,22500
TXN101143,20251115,122,4,5,22500
TXN101144,20250201,150,4,1,4500
TXN101145,20251102,677,3,4,20000
TXN101146,20251104,455,5,5,9000
TXN101147,20251213,135,2,4,260000
TXN101148,20250607,189,1,5,60000
TXN101149,20251028,678,2,2,130000
TXN101150,20251031,426,1,1,12000
TXN101151,20250111,679,7,2,116000
TXN101152,20250315,37,1,1,12000
TXN101153,20250302,246,5,3,5400
TXN101154,20250429,324,5,5,9000
TXN101155,20251124,238,3,4,20000
TXN101156,20250410,201,7,3,174000
TXN101157,20250828,483,4,5,22500
TXN101158,20250915,538,4,3,13500
TXN101159,20250914,196,3,1,5000
TXN101160,20250628,680,7,5,290000
TXN101161,20250507,558,2,5,325000
TXN101162,20251103,419,5,3,5400
TXN101163,20250829,681,1,5,60000
TXN101164,20250315,31,1,4,48000
TXN101165,20250708,682,5,3,5400
TXN101166,20250215,375,2,5,325000
TXN101167,20250605,284,6,3,216000
TXN101168,20250604,683,1,2,24000
TXN101169,20250417,684,7,2,116000
TXN101170,20250403,86,1,3,36000
TXN101171,20250811,685,2,1,65000
TXN101172,20251117,353,7,4,232000
TXN101173,20251203,104,2,3,195000
TXN101174,20250629,686,7,1,58000
TXN101175,20250226,687,3,2,10000
TXN101176,20250616,404,6,2,144000
TXN101177,20251021,688,3,3,15000
TXN101178,20260101,278,1,4,48000
TXN101179,20250411,352,6,5,360000
TXN101180,20250401,234,2,2,130000
TXN101181,20251129,689,6,3,216000
TXN101182,20250111,690,1,3,36000
TXN101183,20250622,259,4,3,13500
TXN101184,20250610,11,7,2,116000
TXN101185,20250602,501,1,4,48000
TXN101186,20251007,691,5,5,9000
TXN101187,20250706,692,2,3,195000
TXN101188,20250227,693,6,3,216000
TXN101189,20250415,108,2,1,65000
TXN101190,20250115,239,3,3,15000
TXN101191,20250501,529,1,1,12000
TXN101192,20250123,471,4,3,13500
TXN101193,20250113,482,7,1,58000
TXN101194,20251007,587,2,2,130000
TXN101195,20250517,100,2,3,195000
TXN101196,20251121,694,5,2,3600
TXN101197,20250121,170,6,4,288000
TXN101198,20250611,695,1,1,12000
TXN101199,20250526,364,4,5,22500
